Model Name,Accuracy
Random Forest,0.8434782608695652
Logistic,0.8347826086956521
Logistic Resampled,0.8260869565217391
Auto Neural Network,0.852173924446106
Manual Neural Network,0.8260869383811951
