Model Name,Accuracy
Manual Neural Network,0.8260869383811951
Logistic Resampled,0.8260869565217391
Logistic,0.8347826086956521
Random Forest,0.8434782608695652
Auto Neural Network,0.852173924446106
KNN,0.8782608695652174
